url_path,views_total,views_unique
/jgehrcke/github-repo-stats,41,35
/jgehrcke/github-repo-stats/pulse,3,3
/jgehrcke/github-repo-stats/blob/2387abdb09c714236860ee088c97963665e131a7/pdf.py,2,2
/jgehrcke/github-repo-stats/wiki/Tutorial,2,2
/jgehrcke/github-repo-stats/blame/2387abdb09c714236860ee088c97963665e131a7/pdf.py,1,1
/jgehrcke/github-repo-stats/blob/2387abdb09c714236860ee088c97963665e131a7/entrypoint.sh,1,1
/jgehrcke/github-repo-stats/blob/2387abdb09c714236860ee088c97963665e131a7/NOTES,1,1
/jgehrcke/github-repo-stats/blob/2387abdb09c714236860ee088c97963665e131a7/README.md,1,1
/jgehrcke/github-repo-stats/blob/2387abdb09c714236860ee088c97963665e131a7/requirements-ci.txt,1,1
/jgehrcke/github-repo-stats/blob/main/entrypoint.sh,1,1
